SN,Occupation,TotalEmployed,Women,WomenGrades,WomenPoint,White,WhiteGrades,WhitePoints,BlackorAfricanAmerican,BlackGrade,BlackPoints,Asian,AsianGrade,AsianPoints,HispanicorLatino,HispanicGrade,HispanicPoints,ParentId,AvgPoint,AvgGrade
1,"Total, 16 years and over",147795.0,46.8,A,5,78.0,B,4,12.1,C,3,6.4,C,3,17.6,B,4,0.0,4,B
2,"Management, professional, and related occupations",63644.0,51.7,A,5,78.7,B,4,9.7,D,2,8.6,C,3,10.4,C,3,1.0,3,C
3,"Management, business, and financial operations occupations",27144.0,44.6036840554082,B,4,81.7,A,5,8.8,D,2,6.703684055408193,C,3,10.9,C,3,2.0,3,C
4,Management occupations,18564.0,40.4,B,4,83.4,A,5,8.0,D,2,5.8,D,2,10.7,C,3,3.0,3,C
5,Chief executives,1678.0,29.777755448128833,D,2,88.0,A,5,4.3,F,1,5.7581381804605085,D,2,7.4,D,2,4.0,2,D
6,General and operations managers,1057.0,30.5,C,3,84.4,A,5,7.1,D,2,4.5,D,2,12.4,C,3,4.0,3,C
7,Legislators,25.0,0.0,F,1,0.0,F,1,0.0,F,1,0.0,F,1,0.0,F,1,4.0,1,F
8,Advertising and promotions managers,56.0,52.1,A,5,80.5,A,5,14.7,C,3,3.9,D,2,3.5,F,1,4.0,3,C
9,Marketing managers,554.0,60.7,A,5,84.1,A,5,5.5,D,2,7.6,C,3,9.9,D,2,4.0,3,C
10,Sales managers,521.0,30.9,C,3,87.6,A,5,5.8,D,2,4.2,D,2,7.6,D,2,4.0,3,C
11,Public relations and fundraising managers,95.0,66.4,A,5,91.0,A,5,4.3,F,1,2.3,F,1,7.6,D,2,4.0,3,C
12,Administrative services managers,65.0,71.7,A,5,83.4,A,5,9.5,D,2,6.5,C,3,16.9,B,4,4.0,4,B
13,Facilities managers,134.0,25.0,D,2,90.1,A,5,4.9,F,1,2.4,F,1,12.6,C,3,4.0,2,D
14,Computer and information systems managers,744.0,26.6,D,2,75.5,B,4,7.0,D,2,15.5,A,5,5.2,D,2,4.0,3,C
15,Financial managers,1309.0,52.6,A,5,79.4,B,4,9.7,D,2,8.2,C,3,9.9,D,2,4.0,3,C
16,Compensation and benefits managers,18.0,0.0,F,1,0.0,F,1,0.0,F,1,0.0,F,1,0.0,F,1,4.0,1,F
17,Human resources managers,287.0,76.8,A,5,81.0,A,5,12.0,C,3,4.9,D,2,14.0,C,3,4.0,4,B
18,Training and development managers,52.0,55.8,A,5,85.4,A,5,9.2,D,2,0.2,F,1,10.1,C,3,4.0,3,C
19,Industrial production managers,272.0,22.6,D,2,84.3,A,5,5.9,D,2,7.2,C,3,13.5,C,3,4.0,3,C
20,Purchasing managers,212.0,45.8,B,4,83.2,A,5,12.1,C,3,3.1,D,2,7.3,D,2,4.0,3,C
21,"Transportation, storage, and distribution managers",300.0,21.3,D,2,79.3,B,4,10.7,C,3,6.1,C,3,17.2,B,4,4.0,3,C
22,"Farmers, ranchers, and other agricultural managers",901.0,25.1,D,2,96.3,A,5,0.7,F,1,0.8,F,1,4.3,F,1,4.0,2,D
23,Construction managers,966.0,8.4,F,1,91.4,A,5,3.3,F,1,2.9,F,1,14.5,C,3,4.0,2,D
24,Education and childcare administrators,948.0,66.5,A,5,79.5,B,4,14.3,C,3,3.3,D,2,12.0,C,3,4.0,3,C
25,Architectural and engineering managers,171.0,9.5,F,1,84.2,A,5,3.4,F,1,9.5,C,3,4.7,F,1,4.0,2,D
26,Food service managers,1092.0,46.6,B,4,77.7,B,4,9.8,D,2,9.4,C,3,19.8,B,4,4.0,3,C
27,Funeral home managers,10.0,0.0,F,1,0.0,F,1,0.0,F,1,0.0,F,1,0.0,F,1,4.0,1,F
28,Entertainment and recreation managers,40.0,0.0,F,1,0.0,F,1,0.0,F,1,0.0,F,1,0.0,F,1,4.0,1,F
29,Lodging managers,123.0,56.0,A,5,74.8,C,3,12.4,C,3,10.4,B,4,11.2,C,3,4.0,4,B
30,Medical and health services managers,711.0,70.3,A,5,77.6,B,4,13.3,C,3,5.6,D,2,11.5,C,3,4.0,3,C
31,Natural sciences managers,16.0,0.0,F,1,0.0,F,1,0.0,F,1,0.0,F,1,0.0,F,1,4.0,1,F
32,Postmasters and mail superintendents,24.0,0.0,F,1,0.0,F,1,0.0,F,1,0.0,F,1,0.0,F,1,4.0,1,F
33,"Property, real estate, and community association managers",781.0,48.5,B,4,84.7,A,5,8.6,D,2,3.5,D,2,12.9,C,3,4.0,3,C
34,Social and community service managers,424.0,72.5,A,5,75.9,B,4,18.3,B,4,2.1,F,1,10.3,C,3,4.0,3,C
35,Emergency management directors,12.0,0.0,F,1,0.0,F,1,0.0,F,1,0.0,F,1,0.0,F,1,4.0,1,F
36,"Personal service managers, all other",2.0,-1.0,F,1,0.0,F,1,0.0,F,1,0.0,F,1,0.0,F,1,4.0,1,F
37,"Managers, all other",4969.0,37.5,C,3,83.2,A,5,8.1,D,2,5.9,D,2,10.4,C,3,4.0,3,C
38,Business and financial operations occupations,8578.0,53.9,A,5,78.0,B,4,10.5,C,3,8.7,C,3,11.2,C,3,3.0,4,B
39,"Agents and business managers of artists, performers, and athletes",36.0,0.0,F,1,0.0,F,1,0.0,F,1,0.0,F,1,0.0,F,1,38.0,1,F
40,"Buyers and purchasing agents, farm products",10.0,0.0,F,1,0.0,F,1,0.0,F,1,0.0,F,1,0.0,F,1,38.0,1,F
41,"Wholesale and retail buyers, except farm products",178.0,52.7,A,5,82.8,A,5,9.7,D,2,5.8,D,2,14.9,C,3,38.0,3,C
42,"Purchasing agents, except wholesale, retail, and farm products",230.0,52.0,A,5,81.1,A,5,11.9,C,3,3.9,D,2,11.3,C,3,38.0,4,B
43,"Claims adjusters, appraisers, examiners, and investigators",350.0,60.4,A,5,71.6,C,3,19.8,B,4,4.5,D,2,15.0,C,3,38.0,3,C
44,Compliance officers,305.0,57.1,A,5,75.4,B,4,12.0,C,3,7.5,C,3,8.6,D,2,38.0,3,C
45,Cost estimators,121.0,15.0,F,1,93.7,A,5,2.9,F,1,2.0,F,1,14.1,C,3,38.0,2,D
46,Human resources workers,832.0,74.3,A,5,76.9,B,4,13.0,C,3,5.8,D,2,15.1,B,4,38.0,4,B
47,"Compensation, benefits, and job analysis specialists",74.0,76.0,A,5,84.6,A,5,11.2,C,3,2.2,F,1,9.7,D,2,38.0,3,C
48,Training and development specialists,115.0,57.1,A,5,82.1,A,5,13.2,C,3,2.7,F,1,14.1,C,3,38.0,3,C
49,Logisticians,147.0,38.1,C,3,82.6,A,5,11.8,C,3,4.4,D,2,20.6,A,5,38.0,4,B
50,Project management specialists,715.0,44.4,B,4,77.5,B,4,12.3,C,3,7.9,C,3,11.1,C,3,38.0,3,C
51,Management analysts,997.0,42.7,B,4,77.8,B,4,8.4,D,2,11.9,B,4,9.3,D,2,38.0,3,C
52,"Meeting, convention, and event planners",118.0,73.7,A,5,85.8,A,5,7.7,D,2,4.8,D,2,11.9,C,3,38.0,3,C
53,Fundraisers,99.0,74.8,A,5,85.0,A,5,3.7,F,1,8.4,C,3,7.4,D,2,38.0,3,C
54,Market research analysts and marketing specialists,438.0,58.6,A,5,82.8,A,5,6.5,D,2,8.1,C,3,9.1,D,2,38.0,3,C
55,"Business operations specialists, all other",308.0,57.3,A,5,72.6,C,3,12.4,C,3,11.3,B,4,9.7,D,2,38.0,3,C
56,Accountants and auditors,1696.0,59.7,A,5,77.3,B,4,9.5,D,2,11.2,B,4,10.2,C,3,38.0,4,B
57,Property appraisers and assessors,86.0,29.7,D,2,96.5,A,5,2.3,F,1,1.2,F,1,6.0,D,2,38.0,2,D
58,Budget analysts,60.0,53.2,A,5,69.6,C,3,13.9,C,3,7.6,C,3,14.9,C,3,38.0,3,C
59,Credit analysts,30.0,0.0,F,1,0.0,F,1,0.0,F,1,0.0,F,1,0.0,F,1,38.0,1,F
60,Financial and investment analysts,351.0,41.6,B,4,68.5,C,3,7.8,D,2,21.0,A,5,10.2,C,3,38.0,3,C
61,Personal financial advisors,514.0,34.0,C,3,78.5,B,4,7.9,D,2,10.7,B,4,8.2,D,2,38.0,3,C
62,Insurance underwriters,102.0,58.0,A,5,78.6,B,4,9.3,D,2,6.2,C,3,11.9,C,3,38.0,3,C
63,Financial examiners,25.0,0.0,F,1,0.0,F,1,0.0,F,1,0.0,F,1,0.0,F,1,38.0,1,F
64,Credit counselors and loan officers,400.0,54.4,A,5,79.0,B,4,13.1,C,3,4.7,D,2,12.4,C,3,38.0,3,C
65,"Tax examiners and collectors, and revenue agents",61.0,57.9,A,5,76.6,B,4,14.5,C,3,5.8,D,2,15.9,B,4,38.0,4,B
66,Tax preparers,96.0,67.6,A,5,81.9,A,5,13.9,C,3,3.9,D,2,17.4,B,4,38.0,4,B
67,Other financial specialists,82.0,54.2,A,5,71.0,C,3,15.5,B,4,7.7,C,3,9.0,D,2,38.0,3,C
68,Professional and related occupations,36502.0,57.0,A,5,76.5,B,4,10.5,C,3,10.1,B,4,10.1,C,3,2.0,4,B
69,Computer and mathematical occupations,5603.0,25.2,D,2,65.4,C,3,9.1,D,2,23.0,A,5,8.4,D,2,68.0,3,C
70,Computer and information research scientists,42.0,0.0,F,1,0.0,F,1,0.0,F,1,0.0,F,1,0.0,F,1,69.0,1,F
71,Computer systems analysts,594.0,35.6,C,3,68.0,C,3,9.7,D,2,18.7,A,5,8.1,D,2,69.0,3,C
72,Information security analysts,137.0,11.4,F,1,79.8,B,4,11.9,C,3,6.9,C,3,15.8,B,4,69.0,3,C
73,Computer programmers,417.0,21.1,D,2,63.9,D,2,6.3,D,2,28.3,A,5,6.6,D,2,69.0,3,C
74,Software developers,1883.0,19.4,F,1,57.5,D,2,6.2,D,2,34.1,A,5,5.9,D,2,69.0,2,D
75,Software quality assurance analysts and testers,82.0,25.1,D,2,57.6,D,2,12.0,C,3,29.6,A,5,9.2,D,2,69.0,3,C
76,Web developers,104.0,27.8,D,2,79.3,B,4,3.7,F,1,16.2,A,5,5.9,D,2,69.0,3,C
77,Web and digital interface designers,70.0,44.8,B,4,81.7,A,5,5.9,D,2,9.9,C,3,15.8,B,4,69.0,4,B
78,Computer support specialists,660.0,25.9,D,2,72.2,C,3,13.0,C,3,10.7,B,4,11.6,C,3,69.0,3,C
79,Database administrators and architects,121.0,28.8,D,2,62.1,D,2,5.9,D,2,30.1,A,5,5.6,D,2,69.0,3,C
80,Network and computer systems administrators,238.0,19.8,F,1,77.3,B,4,9.0,D,2,11.8,B,4,7.8,D,2,69.0,3,C
81,Computer network architects,107.0,9.3,F,1,67.8,C,3,14.8,C,3,15.5,A,5,16.1,B,4,69.0,3,C
82,"Computer occupations, all other",792.0,28.0,D,2,67.3,C,3,13.3,C,3,15.8,A,5,11.2,C,3,69.0,3,C
83,Actuaries,32.0,0.0,F,1,0.0,F,1,0.0,F,1,0.0,F,1,0.0,F,1,69.0,1,F
84,Mathematicians,3.0,0.0,F,1,0.0,F,1,0.0,F,1,0.0,F,1,0.0,F,1,69.0,1,F
85,Operations research analysts,156.0,42.9,B,4,77.5,B,4,13.6,C,3,8.6,C,3,9.5,D,2,69.0,3,C
86,Statisticians,61.0,50.3,A,5,60.4,D,2,7.9,D,2,28.0,A,5,2.0,F,1,69.0,3,C
87,Other mathematical science occupations,103.0,37.8,C,3,63.6,D,2,9.3,D,2,25.7,A,5,6.2,D,2,69.0,3,C
88,Architecture and engineering occupations,3169.0,16.5,F,1,78.0,B,4,6.0,D,2,13.6,B,4,10.6,C,3,68.0,3,C
89,"Architects, except landscape and naval",190.0,28.2,D,2,78.8,B,4,7.2,D,2,12.5,B,4,8.5,D,2,88.0,3,C
90,Landscape architects,27.0,0.0,F,1,0.0,F,1,0.0,F,1,0.0,F,1,0.0,F,1,88.0,1,F
91,"Surveyors, cartographers, and photogrammetrists",45.0,0.0,F,1,0.0,F,1,0.0,F,1,0.0,F,1,0.0,F,1,88.0,1,F
92,Aerospace engineers,129.0,11.6,F,1,83.3,A,5,6.8,D,2,9.1,C,3,10.5,C,3,88.0,3,C
93,Agricultural engineers,7.0,0.0,F,1,0.0,F,1,0.0,F,1,0.0,F,1,0.0,F,1,88.0,1,F
94,Bioengineers and biomedical engineers,22.0,0.0,F,1,0.0,F,1,0.0,F,1,0.0,F,1,0.0,F,1,88.0,1,F
95,Chemical engineers,70.0,19.4,F,1,81.5,A,5,1.5,F,1,13.9,B,4,10.0,D,2,88.0,3,C
96,Civil engineers,422.0,16.0,F,1,81.9,A,5,3.9,F,1,13.6,B,4,12.4,C,3,88.0,3,C
97,Computer hardware engineers,89.0,18.4,F,1,54.6,F,1,5.4,D,2,39.2,A,5,14.5,C,3,88.0,2,D
98,Electrical and electronics engineers,268.0,11.8,F,1,76.1,B,4,5.4,D,2,17.2,A,5,8.9,D,2,88.0,3,C
99,Environmental engineers,33.0,0.0,F,1,0.0,F,1,0.0,F,1,0.0,F,1,0.0,F,1,88.0,1,F
100,"Industrial engineers, including health and safety",225.0,23.4,D,2,74.7,C,3,5.2,D,2,19.1,A,5,5.9,D,2,88.0,3,C
101,Marine engineers and naval architects,16.0,0.0,F,1,0.0,F,1,0.0,F,1,0.0,F,1,0.0,F,1,88.0,1,F
102,Materials engineers,53.0,25.5,D,2,83.5,A,5,5.3,D,2,9.4,C,3,7.1,D,2,88.0,3,C
103,Mechanical engineers,357.0,8.7,F,1,80.4,A,5,5.0,F,1,11.5,B,4,6.7,D,2,88.0,3,C
104,"Mining and geological engineers, including mining safety engineers",17.0,0.0,F,1,0.0,F,1,0.0,F,1,0.0,F,1,0.0,F,1,88.0,1,F
105,Nuclear engineers,10.0,0.0,F,1,0.0,F,1,0.0,F,1,0.0,F,1,0.0,F,1,88.0,1,F
106,Petroleum engineers,15.0,0.0,F,1,0.0,F,1,0.0,F,1,0.0,F,1,0.0,F,1,88.0,1,F
107,"Engineers, all other",560.0,15.3,F,1,72.3,C,3,7.5,D,2,17.7,A,5,10.0,D,2,88.0,3,C
108,Architectural and civil drafters,38.0,0.0,F,1,0.0,F,1,0.0,F,1,0.0,F,1,0.0,F,1,88.0,1,F
109,Other drafters,95.0,18.8,F,1,90.4,A,5,1.8,F,1,6.6,C,3,22.9,A,5,88.0,3,C
110,Electrical and electronic engineering technologists and technicians,82.0,3.2,F,1,79.5,B,4,8.8,D,2,7.1,C,3,15.4,B,4,88.0,3,C
111,"Other engineering technologists and technicians, except drafters",344.0,19.1,F,1,76.5,B,4,9.0,D,2,8.7,C,3,16.4,B,4,88.0,3,C
112,Surveying and mapping technicians,56.0,9.9,F,1,89.6,A,5,3.2,F,1,3.0,F,1,6.3,D,2,88.0,2,D
113,"Life, physical, and social science occupations",1627.0,49.3,B,4,75.1,B,4,6.5,D,2,14.9,B,4,8.5,D,2,68.0,3,C
114,Agricultural and food scientists,32.0,0.0,F,1,0.0,F,1,0.0,F,1,0.0,F,1,0.0,F,1,113.0,1,F
115,Biological scientists,84.0,46.0,B,4,79.8,B,4,5.6,D,2,13.7,B,4,10.1,C,3,113.0,3,C
116,Conservation scientists and foresters,19.0,0.0,F,1,0.0,F,1,0.0,F,1,0.0,F,1,0.0,F,1,113.0,1,F
117,Medical scientists,112.0,52.4,A,5,58.7,D,2,3.8,F,1,37.4,A,5,4.7,F,1,113.0,3,C
118,"Life scientists, all other",6.0,0.0,F,1,0.0,F,1,0.0,F,1,0.0,F,1,0.0,F,1,113.0,1,F
119,Astronomers and physicists,19.0,0.0,F,1,0.0,F,1,0.0,F,1,0.0,F,1,0.0,F,1,113.0,1,F
120,Atmospheric and space scientists,10.0,0.0,F,1,0.0,F,1,0.0,F,1,0.0,F,1,0.0,F,1,113.0,1,F
121,Chemists and materials scientists,80.0,40.4,B,4,64.2,D,2,10.7,C,3,19.7,A,5,2.2,F,1,113.0,3,C
122,"Environmental scientists and specialists, including health",46.0,0.0,F,1,0.0,F,1,0.0,F,1,0.0,F,1,0.0,F,1,113.0,1,F
123,"Geoscientists and hydrologists, except geographers",37.0,0.0,F,1,0.0,F,1,0.0,F,1,0.0,F,1,0.0,F,1,113.0,1,F
124,"Physical scientists, all other",336.0,43.3,B,4,61.3,D,2,6.4,D,2,30.1,A,5,6.2,D,2,113.0,3,C
125,Economists,26.0,0.0,F,1,0.0,F,1,0.0,F,1,0.0,F,1,0.0,F,1,113.0,1,F
126,Survey researchers,5.0,0.0,F,1,0.0,F,1,0.0,F,1,0.0,F,1,0.0,F,1,113.0,1,F
127,Clinical and counseling psychologists,18.0,0.0,F,1,0.0,F,1,0.0,F,1,0.0,F,1,0.0,F,1,113.0,1,F
128,School psychologists,43.0,0.0,F,1,0.0,F,1,0.0,F,1,0.0,F,1,0.0,F,1,113.0,1,F
129,Other psychologists,145.0,80.3,A,5,82.7,A,5,11.8,C,3,4.1,D,2,3.5,F,1,113.0,3,C
130,Sociologists,3.0,0.0,F,1,0.0,F,1,0.0,F,1,0.0,F,1,0.0,F,1,113.0,1,F
131,Urban and regional planners,47.0,0.0,F,1,0.0,F,1,0.0,F,1,0.0,F,1,0.0,F,1,113.0,1,F
132,Miscellaneous social scientists and related workers,50.0,47.7,B,4,83.4,A,5,1.9,F,1,5.5,D,2,7.8,D,2,113.0,3,C
133,Agricultural and food science technicians,41.0,0.0,F,1,0.0,F,1,0.0,F,1,0.0,F,1,0.0,F,1,113.0,1,F
134,Biological technicians,24.0,0.0,F,1,0.0,F,1,0.0,F,1,0.0,F,1,0.0,F,1,113.0,1,F
135,Chemical technicians,68.0,42.6,B,4,82.5,A,5,10.3,C,3,5.0,D,2,12.1,C,3,113.0,3,C
136,Environmental science and geoscience technicians,21.0,0.0,F,1,0.0,F,1,0.0,F,1,0.0,F,1,0.0,F,1,113.0,1,F
137,Nuclear technicians,7.0,0.0,F,1,0.0,F,1,0.0,F,1,0.0,F,1,0.0,F,1,113.0,1,F
138,Social science research assistants,4.0,0.0,F,1,0.0,F,1,0.0,F,1,0.0,F,1,0.0,F,1,113.0,1,F
139,"Other life, physical, and social science technicians",258.0,54.1,A,5,78.0,B,4,4.9,F,1,10.9,B,4,10.7,C,3,113.0,3,C
140,Occupational health and safety specialists and technicians,85.0,35.8,C,3,90.3,A,5,1.6,F,1,2.9,F,1,11.7,C,3,113.0,3,C
141,Community and social service occupations,2717.0,68.8,A,5,72.7,C,3,19.9,B,4,3.4,D,2,13.5,C,3,68.0,3,C
142,Substance abuse and behavioral disorder counselors,130.0,81.3,A,5,70.2,C,3,25.4,A,5,1.7,F,1,16.8,B,4,141.0,4,B
143,"Educational, guidance, and career counselors and advisors",343.0,77.8,A,5,73.0,C,3,19.0,B,4,4.0,D,2,14.8,C,3,141.0,3,C
144,Marriage and family therapists,40.0,0.0,F,1,0.0,F,1,0.0,F,1,0.0,F,1,0.0,F,1,141.0,1,F
145,Mental health counselors,138.0,72.9,A,5,87.5,A,5,9.4,D,2,2.0,F,1,14.0,C,3,141.0,3,C
146,Rehabilitation counselors,28.0,0.0,F,1,0.0,F,1,0.0,F,1,0.0,F,1,0.0,F,1,141.0,1,F
147,"Counselors, all other",225.0,68.2,A,5,75.0,C,3,18.3,B,4,3.7,D,2,15.2,B,4,141.0,4,B
148,"Child, family, and school social workers",62.0,89.8,A,5,65.3,C,3,26.8,A,5,0.6,F,1,21.3,A,5,141.0,4,B
149,Healthcare social workers,78.0,87.0,A,5,69.0,C,3,20.3,A,5,8.2,C,3,9.2,D,2,141.0,4,B
150,Mental health and substance abuse social workers,24.0,0.0,F,1,0.0,F,1,0.0,F,1,0.0,F,1,0.0,F,1,141.0,1,F
151,"Social workers, all other",673.0,85.4,A,5,64.4,D,2,25.7,A,5,3.7,D,2,15.0,C,3,141.0,3,C
152,Probation officers and correctional treatment specialists,105.0,50.7,A,5,66.6,C,3,26.9,A,5,0.7,F,1,12.8,C,3,141.0,3,C
153,Social and human service assistants,230.0,79.6,A,5,72.6,C,3,18.9,B,4,3.2,D,2,14.9,C,3,141.0,3,C
154,Other community and social service specialists,100.0,77.6,A,5,61.6,D,2,30.4,A,5,3.3,D,2,12.7,C,3,141.0,3,C
155,Clergy,420.0,18.5,F,1,82.3,A,5,11.7,C,3,3.8,D,2,7.8,D,2,141.0,3,C
156,"Directors, religious activities and education",57.0,64.9,A,5,94.4,A,5,2.4,F,1,2.1,F,1,8.9,D,2,141.0,3,C
157,"Religious workers, all other",64.0,71.5,A,5,77.7,B,4,13.4,C,3,6.2,C,3,11.7,C,3,141.0,4,B
158,Legal occupations,1882.0,51.9,A,5,83.5,A,5,8.6,D,2,5.6,D,2,8.3,D,2,68.0,3,C
159,Lawyers,1183.0,37.4,C,3,86.5,A,5,6.8,D,2,5.2,D,2,5.8,D,2,158.0,3,C
160,Judicial law clerks,21.0,0.0,F,1,0.0,F,1,0.0,F,1,0.0,F,1,0.0,F,1,158.0,1,F
161,"Judges, magistrates, and other judicial workers",78.0,53.9,A,5,74.4,C,3,16.6,B,4,5.7,D,2,6.2,D,2,158.0,3,C
162,Paralegals and legal assistants,416.0,85.8,A,5,79.9,B,4,10.3,C,3,6.8,C,3,15.1,B,4,158.0,4,B
163,"Title examiners, abstractors, and searchers",101.0,69.0,A,5,76.4,B,4,11.5,C,3,9.2,C,3,7.8,D,2,158.0,3,C
164,"Legal support workers, all other",83.0,62.8,A,5,73.2,C,3,17.6,B,4,2.9,F,1,10.1,C,3,158.0,3,C
165,"Education, training, and library occupations",8902.0,73.5,A,5,82.0,A,5,10.0,D,2,4.9,D,2,10.9,C,3,68.0,3,C
166,Postsecondary teachers,1156.0,51.1,A,5,79.1,B,4,6.5,D,2,11.2,B,4,6.2,D,2,165.0,3,C
167,Preschool and kindergarten teachers,535.0,98.8,A,5,82.8,A,5,12.0,C,3,2.2,F,1,15.3,B,4,165.0,4,B
168,Elementary and middle school teachers,3371.0,79.6,A,5,84.1,A,5,10.5,C,3,2.8,F,1,10.5,C,3,165.0,3,C
169,Secondary school teachers,963.0,58.8,A,5,87.0,A,5,7.7,D,2,3.0,F,1,8.9,D,2,165.0,3,C
170,Special education teachers,332.0,81.4,A,5,87.5,A,5,7.2,D,2,1.8,F,1,8.9,D,2,165.0,3,C
171,Tutors,195.0,67.4,A,5,75.9,B,4,12.4,C,3,7.5,C,3,16.0,B,4,165.0,4,B
172,Other teachers and instructors,687.0,67.5,A,5,79.1,B,4,11.6,C,3,6.2,C,3,9.7,D,2,165.0,3,C
173,"Archivists, curators, and museum technicians",57.0,63.6,A,5,94.6,A,5,0.6,F,1,4.4,D,2,7.6,D,2,165.0,3,C
174,Librarians and media collections specialists,176.0,83.2,A,5,83.1,A,5,9.5,D,2,3.5,D,2,9.9,D,2,165.0,3,C
175,Library technicians,34.0,0.0,F,1,0.0,F,1,0.0,F,1,0.0,F,1,0.0,F,1,165.0,1,F
176,Teaching assistants,1220.0,80.1,A,5,74.1,C,3,13.6,C,3,7.6,C,3,16.6,B,4,165.0,4,B
177,Other educational instruction and library workers,176.0,73.4,A,5,86.5,A,5,7.2,D,2,4.0,D,2,12.5,C,3,165.0,3,C
178,"Arts, design, entertainment, sports, and media occupations",3042.0,51.3,A,5,82.0,A,5,8.5,D,2,5.9,D,2,11.2,C,3,68.0,3,C
179,Artists and related workers,256.0,53.5,A,5,85.7,A,5,3.6,F,1,6.1,C,3,9.3,D,2,178.0,3,C
180,Commercial and industrial designers,11.0,0.0,F,1,0.0,F,1,0.0,F,1,0.0,F,1,0.0,F,1,178.0,1,F
181,Fashion designers,34.0,0.0,F,1,0.0,F,1,0.0,F,1,0.0,F,1,0.0,F,1,178.0,1,F
182,Floral designers,50.0,81.5,A,5,90.0,A,5,2.6,F,1,0.8,F,1,18.6,B,4,178.0,3,C
183,Graphic designers,295.0,57.2,A,5,83.0,A,5,6.7,D,2,7.8,C,3,14.4,C,3,178.0,4,B
184,Interior designers,131.0,84.0,A,5,79.7,B,4,6.7,D,2,10.6,B,4,7.6,D,2,178.0,3,C
185,Merchandise displayers and window trimmers,24.0,0.0,F,1,0.0,F,1,0.0,F,1,0.0,F,1,0.0,F,1,178.0,1,F
186,Other designers,375.0,41.9,B,4,79.2,B,4,6.3,D,2,11.1,B,4,11.5,C,3,178.0,3,C
187,Actors,29.0,0.0,F,1,0.0,F,1,0.0,F,1,0.0,F,1,0.0,F,1,178.0,1,F
188,Producers and directors,181.0,45.2,B,4,83.8,A,5,6.1,D,2,6.7,C,3,8.7,D,2,178.0,3,C
189,Athletes and sports competitors,28.0,0.0,F,1,0.0,F,1,0.0,F,1,0.0,F,1,0.0,F,1,178.0,1,F
190,Coaches and scouts,210.0,44.8,B,4,75.2,B,4,14.7,C,3,3.5,D,2,5.4,D,2,178.0,3,C
191,"Umpires, referees, and other sports officials",25.0,0.0,F,1,0.0,F,1,0.0,F,1,0.0,F,1,0.0,F,1,178.0,1,F
192,Dancers and choreographers,7.0,0.0,F,1,0.0,F,1,0.0,F,1,0.0,F,1,0.0,F,1,178.0,1,F
193,Music directors and composers,50.0,30.8,C,3,83.3,A,5,10.1,C,3,2.2,F,1,14.0,C,3,178.0,3,C
194,Musicians and singers,118.0,31.8,C,3,78.5,B,4,12.9,C,3,3.8,D,2,13.0,C,3,178.0,3,C
195,"Disc jockeys, except radio",15.0,0.0,F,1,0.0,F,1,0.0,F,1,0.0,F,1,0.0,F,1,178.0,1,F
196,"Entertainers and performers, sports and related workers, all other",41.0,0.0,F,1,0.0,F,1,0.0,F,1,0.0,F,1,0.0,F,1,178.0,1,F
197,Broadcast announcers and radio disc jockeys,28.0,0.0,F,1,0.0,F,1,0.0,F,1,0.0,F,1,0.0,F,1,178.0,1,F
198,"News analysts, reporters, and journalists",77.0,54.0,A,5,80.1,A,5,10.9,C,3,6.7,C,3,5.3,D,2,178.0,4,B
199,Public relations specialists,145.0,59.4,A,5,83.3,A,5,11.0,C,3,3.4,D,2,13.6,C,3,178.0,4,B
200,Editors,99.0,61.1,A,5,94.5,A,5,0.7,F,1,0.8,F,1,8.5,D,2,178.0,3,C
201,Technical writers,65.0,50.1,A,5,88.0,A,5,7.3,D,2,3.6,D,2,8.0,D,2,178.0,3,C
202,Writers and authors,242.0,64.9,A,5,85.1,A,5,7.9,D,2,4.3,D,2,2.4,F,1,178.0,3,C
203,Interpreters and translators,91.0,72.9,A,5,74.6,C,3,8.3,D,2,11.4,B,4,29.4,A,5,178.0,4,B
204,Court reporters and simultaneous captioners,31.0,0.0,F,1,0.0,F,1,0.0,F,1,0.0,F,1,0.0,F,1,178.0,1,F
205,"Media and communication workers, all other",19.0,0.0,F,1,0.0,F,1,0.0,F,1,0.0,F,1,0.0,F,1,178.0,1,F
206,"Broadcast, sound, and lighting technicians",77.0,8.0,F,1,83.6,A,5,10.6,C,3,5.8,D,2,20.2,A,5,178.0,3,C
207,Photographers,186.0,52.1,A,5,84.9,A,5,6.7,D,2,5.6,D,2,10.0,D,2,178.0,3,C
208,"Television, video, and film camera operators and editors",100.0,31.1,C,3,74.5,C,3,16.3,B,4,5.8,D,2,18.5,B,4,178.0,3,C
209,"Media and communication equipment workers, all other",2.0,0.0,F,1,0.0,F,1,0.0,F,1,0.0,F,1,0.0,F,1,178.0,1,F
210,Healthcare practitioners and technical occupations,9559.0,74.4,A,5,75.6,B,4,12.1,C,3,9.4,C,3,9.4,D,2,68.0,3,C
211,Chiropractors,66.0,22.2,D,2,90.7,A,5,2.4,F,1,5.1,D,2,6.1,D,2,210.0,2,D
212,Dentists,173.0,28.7,D,2,78.8,B,4,1.4,F,1,16.6,A,5,5.5,D,2,210.0,3,C
213,Dietitians and nutritionists,106.0,91.4,A,5,74.7,C,3,15.5,B,4,8.2,C,3,9.9,D,2,210.0,3,C
214,Optometrists,42.0,0.0,F,1,0.0,F,1,0.0,F,1,0.0,F,1,0.0,F,1,210.0,1,F
215,Pharmacists,327.0,61.6,A,5,67.9,C,3,8.3,D,2,20.0,A,5,3.4,F,1,210.0,3,C
216,Emergency medicine physicians,17.0,0.0,F,1,0.0,F,1,0.0,F,1,0.0,F,1,0.0,F,1,210.0,1,F
217,Radiologists,25.0,0.0,F,1,0.0,F,1,0.0,F,1,0.0,F,1,0.0,F,1,210.0,1,F
218,Other physicians,929.0,40.6,B,4,67.0,C,3,8.5,D,2,22.0,A,5,8.8,D,2,210.0,3,C
219,Surgeons,54.0,26.3,D,2,82.4,A,5,4.2,F,1,13.4,B,4,15.6,B,4,210.0,3,C
220,Physician assistants,141.0,65.5,A,5,79.9,B,4,6.3,D,2,12.3,B,4,7.9,D,2,210.0,3,C
221,Podiatrists,12.0,0.0,F,1,0.0,F,1,0.0,F,1,0.0,F,1,0.0,F,1,210.0,1,F
222,Audiologists,20.0,0.0,F,1,0.0,F,1,0.0,F,1,0.0,F,1,0.0,F,1,210.0,1,F
223,Occupational therapists,124.0,86.3,A,5,87.6,A,5,4.0,F,1,7.4,C,3,6.5,D,2,210.0,3,C
224,Physical therapists,281.0,67.2,A,5,77.8,B,4,5.2,D,2,15.0,B,4,4.4,F,1,210.0,3,C
225,Radiation therapists,10.0,0.0,F,1,0.0,F,1,0.0,F,1,0.0,F,1,0.0,F,1,210.0,1,F
226,Recreational therapists,21.0,0.0,F,1,0.0,F,1,0.0,F,1,0.0,F,1,0.0,F,1,210.0,1,F
227,Respiratory therapists,122.0,72.4,A,5,75.0,C,3,18.5,B,4,2.3,F,1,7.0,D,2,210.0,3,C
228,Speech0language pathologists,195.0,94.4,A,5,89.7,A,5,6.6,D,2,3.6,D,2,8.5,D,2,210.0,3,C
229,Exercise physiologists,6.0,0.0,F,1,0.0,F,1,0.0,F,1,0.0,F,1,0.0,F,1,210.0,1,F
230,"Therapists, all other",233.0,84.4,A,5,79.2,B,4,11.7,C,3,4.3,D,2,12.1,C,3,210.0,3,C
231,Veterinarians,83.0,64.9,A,5,91.9,A,5,0.0,F,1,5.7,D,2,7.0,D,2,210.0,3,C
232,Registered nurses,3256.0,87.4,A,5,75.3,B,4,13.4,C,3,8.7,C,3,7.9,D,2,210.0,3,C
233,Nurse anesthetists,42.0,0.0,F,1,0.0,F,1,0.0,F,1,0.0,F,1,0.0,F,1,210.0,1,F
234,Nurse midwives,5.0,0.0,F,1,0.0,F,1,0.0,F,1,0.0,F,1,0.0,F,1,210.0,1,F
235,Nurse practitioners,218.0,88.0,A,5,86.2,A,5,9.1,D,2,3.2,D,2,6.3,D,2,210.0,3,C
236,Acupuncturists,23.0,0.0,F,1,0.0,F,1,0.0,F,1,0.0,F,1,0.0,F,1,210.0,1,F
237,"Healthcare diagnosing or treating practitioners, all other",15.0,0.0,F,1,0.0,F,1,0.0,F,1,0.0,F,1,0.0,F,1,210.0,1,F
238,Clinical laboratory technologists and technicians,331.0,70.4,A,5,72.4,C,3,13.7,C,3,9.5,C,3,19.0,B,4,210.0,4,B
239,Dental hygienists,190.0,93.9,A,5,88.9,A,5,2.1,F,1,7.7,C,3,10.5,C,3,210.0,3,C
240,Cardiovascular technologists and technicians,50.0,71.9,A,5,73.9,C,3,16.2,B,4,6.7,C,3,12.3,C,3,210.0,4,B
241,Diagnostic medical sonographers,90.0,84.0,A,5,79.3,B,4,9.3,D,2,5.5,D,2,5.1,D,2,210.0,3,C
242,Radiologic technologists and technicians,254.0,67.8,A,5,85.6,A,5,6.5,D,2,5.4,D,2,11.2,C,3,210.0,3,C
243,Magnetic resonance imaging technologists,57.0,58.8,A,5,74.2,C,3,16.3,B,4,8.6,C,3,6.7,D,2,210.0,3,C
244,Nuclear medicine technologists and medical dosimetrists,35.0,0.0,F,1,0.0,F,1,0.0,F,1,0.0,F,1,0.0,F,1,210.0,1,F
245,Emergency medical technicians,141.0,33.7,C,3,82.4,A,5,11.9,C,3,4.0,D,2,11.4,C,3,210.0,3,C
246,Paramedics,78.0,28.1,D,2,93.2,A,5,3.9,F,1,2.8,F,1,8.5,D,2,210.0,2,D
247,Pharmacy technicians,336.0,77.2,A,5,72.8,C,3,15.0,C,3,7.2,C,3,17.6,B,4,210.0,4,B
248,Psychiatric technicians,67.0,82.2,A,5,67.6,C,3,24.2,A,5,1.4,F,1,12.1,C,3,210.0,3,C
249,Surgical technologists,108.0,71.3,A,5,80.9,A,5,14.9,C,3,2.5,F,1,17.3,B,4,210.0,4,B
250,Veterinary technologists and technicians,105.0,88.1,A,5,91.8,A,5,3.2,F,1,1.2,F,1,9.8,D,2,210.0,3,C
251,Dietetic technicians and ophthalmic medical technicians,66.0,73.5,A,5,68.5,C,3,27.6,A,5,2.1,F,1,5.3,D,2,210.0,3,C
252,Licensed practical and licensed vocational nurses,596.0,90.0,A,5,68.0,C,3,25.6,A,5,2.9,F,1,15.3,B,4,210.0,4,B
253,Medical records specialists,183.0,95.9,A,5,76.8,B,4,16.1,B,4,1.7,F,1,13.2,C,3,210.0,3,C
254,"Opticians, dispensing",40.0,0.0,F,1,0.0,F,1,0.0,F,1,0.0,F,1,0.0,F,1,210.0,1,F
255,Miscellaneous health technologists and technicians,185.0,61.7,A,5,57.8,D,2,24.8,A,5,15.3,A,5,13.5,C,3,210.0,4,B
256,Other healthcare practitioners and technical occupations,100.0,62.8,A,5,68.9,C,3,17.3,B,4,10.8,B,4,3.5,F,1,210.0,3,C
257,,,,F,1,,F,1,,F,1,,F,1,,F,1,,1,F
258,Service occupations,22853.0,57.0,A,5,72.9,C,3,17.0,B,4,5.6,D,2,25.0,A,5,1.0,4,B
259,Healthcare support occupations,4790.0,85.3,A,5,64.1,D,2,25.3,A,5,6.2,C,3,20.2,A,5,258.0,4,B
260,Home health aides,571.0,90.3,A,5,55.3,D,2,37.4,A,5,5.0,D,2,25.4,A,5,259.0,4,B
261,Personal care aides,1282.0,81.5,A,5,62.6,D,2,22.2,A,5,9.4,C,3,21.4,A,5,259.0,4,B
262,Nursing assistants,1364.0,89.3,A,5,57.0,D,2,35.2,A,5,4.7,D,2,13.7,C,3,259.0,3,C
263,Orderlies and psychiatric aides,55.0,57.5,A,5,51.4,F,1,37.2,A,5,1.2,F,1,8.7,D,2,259.0,3,C
264,Occupational therapy assistants and aides,37.0,0.0,F,1,0.0,F,1,0.0,F,1,0.0,F,1,0.0,F,1,259.0,1,F
265,Physical therapist assistants and aides,78.0,71.7,A,5,88.6,A,5,6.6,D,2,3.7,D,2,5.8,D,2,259.0,3,C
266,Massage therapists,151.0,80.6,A,5,73.7,C,3,10.5,C,3,10.0,C,3,11.0,C,3,259.0,3,C
267,Dental assistants,288.0,93.7,A,5,85.8,A,5,5.5,D,2,4.3,D,2,31.7,A,5,259.0,4,B
268,Medical assistants,561.0,90.2,A,5,72.9,C,3,17.4,B,4,4.0,D,2,27.9,A,5,259.0,4,B
269,Medical transcriptionists,46.0,0.0,F,1,0.0,F,1,0.0,F,1,0.0,F,1,0.0,F,1,259.0,1,F
270,Pharmacy aides,48.0,0.0,F,1,0.0,F,1,0.0,F,1,0.0,F,1,0.0,F,1,259.0,1,F
271,Veterinary assistants and laboratory animal caretakers,60.0,75.8,A,5,80.3,A,5,2.6,F,1,1.8,F,1,26.7,A,5,259.0,3,C
272,Phlebotomists,101.0,84.8,A,5,66.0,C,3,27.6,A,5,2.8,F,1,19.0,B,4,259.0,4,B
273,Other healthcare support workers,147.0,61.1,A,5,65.5,C,3,23.6,A,5,7.1,C,3,23.6,A,5,259.0,4,B
274,Protective service occupations,3024.0,23.6,D,2,74.5,C,3,19.4,B,4,2.5,F,1,15.9,B,4,258.0,3,C
275,First0line supervisors of correctional officers,51.0,27.7,D,2,63.6,D,2,30.6,A,5,2.0,F,1,11.1,C,3,274.0,3,C
276,First0line supervisors of police and detectives,100.0,12.7,F,1,89.2,A,5,7.5,D,2,2.3,F,1,14.0,C,3,274.0,2,D
277,First0line supervisors of firefighting and prevention workers,33.0,0.0,F,1,0.0,F,1,0.0,F,1,0.0,F,1,0.0,F,1,274.0,1,F
278,First0line supervisors of security workers,68.0,32.1,C,3,70.5,C,3,20.9,A,5,3.9,D,2,11.6,C,3,274.0,3,C
279,"First0line supervisors of protective service workers, all other",7.0,0.0,F,1,0.0,F,1,0.0,F,1,0.0,F,1,0.0,F,1,274.0,1,F
280,Firefighters,335.0,4.4,F,1,85.0,A,5,8.4,D,2,1.2,F,1,13.1,C,3,274.0,2,D
281,Fire inspectors,27.0,0.0,F,1,0.0,F,1,0.0,F,1,0.0,F,1,0.0,F,1,274.0,1,F
282,Bailiffs,18.0,0.0,F,1,0.0,F,1,0.0,F,1,0.0,F,1,0.0,F,1,274.0,1,F
283,Correctional officers and jailers,346.0,31.7,C,3,60.9,D,2,32.9,A,5,2.7,F,1,12.8,C,3,274.0,3,C
284,Detectives and criminal investigators,159.0,26.4,D,2,82.8,A,5,13.9,C,3,0.7,F,1,17.0,B,4,274.0,3,C
285,Fish and game wardens,4.0,0.0,F,1,0.0,F,1,0.0,F,1,0.0,F,1,0.0,F,1,274.0,1,F
286,Parking enforcement workers,12.0,0.0,F,1,0.0,F,1,0.0,F,1,0.0,F,1,0.0,F,1,274.0,1,F
287,Police officers,758.0,17.1,F,1,85.0,A,5,10.9,C,3,1.9,F,1,14.7,C,3,274.0,3,C
288,Animal control workers,8.0,0.0,F,1,0.0,F,1,0.0,F,1,0.0,F,1,0.0,F,1,274.0,1,F
289,Private detectives and investigators,90.0,45.4,B,4,71.6,C,3,21.9,A,5,3.8,D,2,16.2,B,4,274.0,4,B
290,Security guards and gambling surveillance officers,800.0,25.0,D,2,61.0,D,2,31.1,A,5,3.9,D,2,19.6,B,4,274.0,3,C
291,Crossing guards and flaggers,46.0,0.0,F,1,0.0,F,1,0.0,F,1,0.0,F,1,0.0,F,1,274.0,1,F
292,Transportation security screeners,42.0,0.0,F,1,0.0,F,1,0.0,F,1,0.0,F,1,0.0,F,1,274.0,1,F
293,School bus monitors,17.0,0.0,F,1,0.0,F,1,0.0,F,1,0.0,F,1,0.0,F,1,274.0,1,F
294,Other protective service workers,102.0,47.8,B,4,85.7,A,5,2.9,F,1,2.3,F,1,16.6,B,4,274.0,3,C
295,Food preparation and serving related occupations,6556.0,54.4,A,5,74.8,C,3,13.9,C,3,6.4,C,3,27.3,A,5,258.0,4,B
296,Chefs and head cooks,383.0,18.0,F,1,65.2,C,3,14.7,C,3,16.7,A,5,24.4,A,5,295.0,3,C
297,First0line supervisors of food preparation and serving workers,466.0,59.4,A,5,76.2,B,4,16.4,B,4,3.7,D,2,22.6,A,5,295.0,4,B
298,Cooks,1763.0,42.1,B,4,74.3,C,3,16.0,B,4,5.4,D,2,36.0,A,5,295.0,4,B
299,Food preparation workers,808.0,58.1,A,5,74.5,C,3,13.6,C,3,6.8,C,3,29.2,A,5,295.0,4,B
300,Bartenders,301.0,48.9,B,4,87.3,A,5,5.2,D,2,2.1,F,1,16.7,B,4,295.0,3,C
301,Fast food and counter workers,655.0,67.0,A,5,72.2,C,3,16.6,B,4,5.0,D,2,22.6,A,5,295.0,4,B
302,Waiters and waitresses,1388.0,70.0,A,5,75.8,B,4,11.3,C,3,7.2,C,3,22.1,A,5,295.0,4,B
303,"Food servers, nonrestaurant",157.0,77.1,A,5,68.6,C,3,18.8,B,4,7.7,C,3,22.0,A,5,295.0,4,B
304,Dining room and cafeteria attendants and bartender helpers,231.0,49.7,B,4,73.1,C,3,15.3,B,4,8.2,C,3,27.3,A,5,295.0,4,B
305,Dishwashers,184.0,19.2,F,1,77.2,B,4,12.7,C,3,4.4,D,2,37.6,A,5,295.0,3,C
306,"Hosts and hostesses, restaurant, lounge, and coffee shop",218.0,81.9,A,5,81.3,A,5,9.4,D,2,3.5,D,2,21.7,A,5,295.0,4,B
307,"Food preparation and serving related workers, all other",3.0,0.0,F,1,0.0,F,1,0.0,F,1,0.0,F,1,0.0,F,1,295.0,1,F
308,Building and grounds cleaning and maintenance occupations,5084.0,40.3,B,4,78.2,B,4,14.2,C,3,3.1,D,2,37.9,A,5,258.0,4,B
309,First0line supervisors of housekeeping and janitorial workers,321.0,42.5,B,4,79.6,B,4,13.4,C,3,3.2,D,2,30.9,A,5,308.0,4,B
310,"First0line supervisors of landscaping, lawn service, and groundskeeping workers",253.0,6.0,F,1,84.9,A,5,7.8,D,2,3.2,D,2,25.1,A,5,308.0,3,C
311,Janitors and building cleaners,2043.0,38.6,C,3,74.7,C,3,17.0,B,4,3.9,D,2,33.6,A,5,308.0,3,C
312,Maids and housekeeping cleaners,1163.0,88.3,A,5,73.7,C,3,17.3,B,4,4.1,D,2,46.1,A,5,308.0,4,B
313,Pest control workers,112.0,2.5,F,1,85.3,A,5,6.2,D,2,0.5,F,1,30.9,A,5,308.0,3,C
314,Landscaping and groundskeeping workers,1066.0,6.5,F,1,85.6,A,5,9.0,D,2,1.0,F,1,44.5,A,5,308.0,3,C
315,Tree trimmers and pruners,109.0,7.0,F,1,88.0,A,5,7.7,D,2,0.1,F,1,21.6,A,5,308.0,3,C
316,Other grounds maintenance workers,17.0,0.0,F,1,0.0,F,1,0.0,F,1,0.0,F,1,0.0,F,1,308.0,1,F
317,Personal care and service occupations,3399.0,77.0,A,5,72.8,C,3,13.2,C,3,10.1,B,4,16.1,B,4,258.0,4,B
318,Supervisors of personal care and service workers,237.0,71.7,A,5,68.7,C,3,10.3,C,3,16.2,A,5,13.9,C,3,317.0,4,B
319,Animal trainers,72.0,52.6,A,5,88.5,A,5,7.5,D,2,0.0,F,1,12.7,C,3,317.0,3,C
320,Animal caretakers,272.0,76.5,A,5,90.0,A,5,4.7,F,1,1.7,F,1,13.9,C,3,317.0,3,C
321,Gambling services workers,64.0,50.6,A,5,49.2,F,1,14.5,C,3,25.3,A,5,15.5,B,4,317.0,4,B
322,"Ushers, lobby attendants, and ticket takers",22.0,0.0,F,1,0.0,F,1,0.0,F,1,0.0,F,1,0.0,F,1,317.0,1,F
323,Other entertainment attendants and related workers,144.0,37.1,C,3,78.8,B,4,10.0,D,2,6.2,C,3,12.6,C,3,317.0,3,C
324,"Embalmers, crematory operators, and funeral attendants",14.0,0.0,F,1,0.0,F,1,0.0,F,1,0.0,F,1,0.0,F,1,317.0,1,F
325,"Morticians, undertakers, and funeral arrangers",19.0,0.0,F,1,0.0,F,1,0.0,F,1,0.0,F,1,0.0,F,1,317.0,1,F
326,Barbers,102.0,25.6,D,2,64.9,D,2,28.2,A,5,4.1,D,2,31.2,A,5,317.0,3,C
327,"Hairdressers, hairstylists, and cosmetologists",646.0,90.8,A,5,77.5,B,4,14.4,C,3,5.1,D,2,14.6,C,3,317.0,3,C
328,Manicurists and pedicurists,214.0,79.3,A,5,14.2,F,1,6.9,D,2,76.7,A,5,7.3,D,2,317.0,3,C
329,Skincare specialists,72.0,93.9,A,5,72.9,C,3,4.7,F,1,15.9,A,5,22.2,A,5,317.0,4,B
330,Other personal appearance workers,19.0,0.0,F,1,0.0,F,1,0.0,F,1,0.0,F,1,0.0,F,1,317.0,1,F
331,"Baggage porters, bellhops, and concierges",60.0,32.5,C,3,61.1,D,2,24.6,A,5,8.6,C,3,33.7,A,5,317.0,4,B
332,Tour and travel guides,47.0,0.0,F,1,0.0,F,1,0.0,F,1,0.0,F,1,0.0,F,1,317.0,1,F
333,Childcare workers,928.0,94.8,A,5,76.6,B,4,16.1,B,4,3.8,D,2,21.6,A,5,317.0,4,B
334,Exercise trainers and group fitness instructors,202.0,67.1,A,5,83.0,A,5,11.9,C,3,2.1,F,1,10.1,C,3,317.0,3,C
335,Recreation workers,131.0,63.8,A,5,79.8,B,4,12.6,C,3,2.4,F,1,10.4,C,3,317.0,3,C
336,Residential advisors,33.0,0.0,F,1,0.0,F,1,0.0,F,1,0.0,F,1,0.0,F,1,317.0,1,F
337,"Personal care and service workers, all other",102.0,71.9,A,5,71.6,C,3,15.8,B,4,6.9,C,3,10.4,C,3,317.0,4,B
338,,,,F,1,,F,1,,F,1,,F,1,,F,1,,1,F
339,Sales and office occupations,29726.0,61.3,A,5,78.7,B,4,12.5,C,3,5.1,D,2,17.3,B,4,1.0,4,B
340,Sales and related occupations,14168.0,48.7,B,4,80.2,A,5,10.6,C,3,5.5,D,2,17.1,B,4,339.0,4,B
341,First0line supervisors of retail sales workers,3067.0,44.7,B,4,80.3,A,5,9.4,D,2,6.3,C,3,15.3,B,4,340.0,4,B
342,First0line supervisors of non0retail sales workers,1176.0,31.7,C,3,84.7,A,5,6.7,D,2,6.8,C,3,14.2,C,3,340.0,3,C
343,Cashiers,2552.0,73.1,A,5,71.1,C,3,17.1,B,4,6.3,C,3,25.5,A,5,340.0,4,B
344,Counter and rental clerks,69.0,35.7,C,3,82.2,A,5,10.8,C,3,1.5,F,1,13.9,C,3,340.0,3,C
345,Parts salespersons,119.0,16.0,F,1,89.2,A,5,8.2,D,2,1.1,F,1,11.6,C,3,340.0,2,D
346,Retail salespersons,2751.0,47.5,B,4,78.7,B,4,12.2,C,3,4.5,D,2,18.5,B,4,340.0,3,C
347,Advertising sales agents,141.0,53.8,A,5,89.6,A,5,5.5,D,2,2.4,F,1,16.4,B,4,340.0,3,C
348,Insurance sales agents,641.0,50.1,A,5,79.9,B,4,10.8,C,3,5.7,D,2,14.0,C,3,340.0,3,C
349,"Securities, commodities, and financial services sales agents",242.0,22.8,D,2,85.2,A,5,4.3,F,1,9.0,C,3,8.2,D,2,340.0,3,C
350,Travel agents,51.0,79.5,A,5,85.0,A,5,7.3,D,2,7.3,C,3,5.4,D,2,340.0,3,C
351,"Sales representatives of services, except advertising, insurance, financial services, and travel",563.0,34.0,C,3,85.4,A,5,7.7,D,2,4.9,D,2,12.1,C,3,340.0,3,C
352,"Sales representatives, wholesale and manufacturing",1217.0,30.5,C,3,88.8,A,5,4.5,F,1,4.2,D,2,13.6,C,3,340.0,3,C
353,"Models, demonstrators, and product promoters",28.0,0.0,F,1,0.0,F,1,0.0,F,1,0.0,F,1,0.0,F,1,340.0,1,F
354,Real estate brokers and sales agents,1037.0,57.5,A,5,84.9,A,5,7.9,D,2,5.0,D,2,14.5,C,3,340.0,3,C
355,Sales engineers,35.0,0.0,F,1,0.0,F,1,0.0,F,1,0.0,F,1,0.0,F,1,340.0,1,F
356,Telemarketers,48.0,0.0,F,1,0.0,F,1,0.0,F,1,0.0,F,1,0.0,F,1,340.0,1,F
357,"Door0to0door sales workers, news and street vendors, and related workers",114.0,62.4,A,5,81.9,A,5,13.3,C,3,1.5,F,1,22.4,A,5,340.0,4,B
358,"Sales and related workers, all other",317.0,52.2,A,5,79.6,B,4,12.6,C,3,4.4,D,2,13.8,C,3,340.0,3,C
359,Office and administrative support occupations,15558.0,72.7,A,5,77.4,B,4,14.3,C,3,4.7,D,2,17.4,B,4,339.0,4,B
360,First0line supervisors of office and administrative support workers,1273.0,69.2,A,5,80.6,A,5,12.8,C,3,3.9,D,2,13.6,C,3,359.0,4,B
361,"Switchboard operators, including answering service",12.0,0.0,F,1,0.0,F,1,0.0,F,1,0.0,F,1,0.0,F,1,359.0,1,F
362,Telephone operators,23.0,0.0,F,1,0.0,F,1,0.0,F,1,0.0,F,1,0.0,F,1,359.0,1,F
363,"Communications equipment operators, all other",8.0,0.0,F,1,0.0,F,1,0.0,F,1,0.0,F,1,0.0,F,1,359.0,1,F
364,Bill and account collectors,98.0,66.0,A,5,72.1,C,3,23.9,A,5,2.1,F,1,15.8,B,4,359.0,4,B
365,Billing and posting clerks,434.0,89.1,A,5,74.7,C,3,15.5,B,4,4.8,D,2,15.3,B,4,359.0,4,B
366,"Bookkeeping, accounting, and auditing clerks",1179.0,87.3,A,5,86.5,A,5,7.7,D,2,4.0,D,2,14.2,C,3,359.0,3,C
367,Gambling cage workers,13.0,0.0,F,1,0.0,F,1,0.0,F,1,0.0,F,1,0.0,F,1,359.0,1,F
368,Payroll and timekeeping clerks,146.0,86.9,A,5,81.6,A,5,10.2,C,3,3.4,D,2,12.4,C,3,359.0,4,B
369,Procurement clerks,34.0,0.0,F,1,0.0,F,1,0.0,F,1,0.0,F,1,0.0,F,1,359.0,1,F
370,Tellers,279.0,80.4,A,5,82.5,A,5,12.2,C,3,3.7,D,2,17.7,B,4,359.0,4,B
371,"Financial clerks, all other",103.0,66.1,A,5,80.8,A,5,8.2,D,2,7.3,C,3,13.1,C,3,359.0,4,B
372,Brokerage clerks,6.0,0.0,F,1,0.0,F,1,0.0,F,1,0.0,F,1,0.0,F,1,359.0,1,F
373,Correspondence clerks,4.0,0.0,F,1,0.0,F,1,0.0,F,1,0.0,F,1,0.0,F,1,359.0,1,F
374,"Court, municipal, and license clerks",76.0,85.1,A,5,69.5,C,3,23.1,A,5,2.7,F,1,12.1,C,3,359.0,3,C
375,"Credit authorizers, checkers, and clerks",55.0,64.9,A,5,80.0,B,4,7.8,D,2,7.8,C,3,17.1,B,4,359.0,4,B
376,Customer service representatives,2404.0,63.8,A,5,73.1,C,3,17.7,B,4,4.9,D,2,19.6,B,4,359.0,4,B
377,"Eligibility interviewers, government programs",82.0,81.8,A,5,61.5,D,2,20.7,A,5,11.4,B,4,26.8,A,5,359.0,4,B
378,File clerks,161.0,77.6,A,5,83.0,A,5,8.8,D,2,5.6,D,2,16.0,B,4,359.0,4,B
379,"Hotel, motel, and resort desk clerks",91.0,82.6,A,5,69.1,C,3,21.9,A,5,3.0,F,1,27.7,A,5,359.0,4,B
380,"Interviewers, except eligibility and loan",208.0,78.3,A,5,72.1,C,3,20.5,A,5,3.4,D,2,18.1,B,4,359.0,4,B
381,"Library assistants, clerical",65.0,86.0,A,5,82.8,A,5,10.3,C,3,5.7,D,2,9.0,D,2,359.0,3,C
382,Loan interviewers and clerks,151.0,76.1,A,5,71.8,C,3,19.4,B,4,6.1,C,3,18.0,B,4,359.0,4,B
383,New accounts clerks,24.0,0.0,F,1,0.0,F,1,0.0,F,1,0.0,F,1,0.0,F,1,359.0,1,F
384,Order clerks,113.0,54.5,A,5,76.4,B,4,9.5,D,2,6.1,C,3,19.6,B,4,359.0,4,B
385,"Human resources assistants, except payroll and timekeeping",44.0,0.0,F,1,0.0,F,1,0.0,F,1,0.0,F,1,0.0,F,1,359.0,1,F
386,Receptionists and information clerks,1147.0,88.3,A,5,78.8,B,4,12.6,C,3,3.6,D,2,22.2,A,5,359.0,4,B
387,Reservation and transportation ticket agents and travel clerks,108.0,52.5,A,5,59.1,D,2,26.1,A,5,7.7,C,3,17.8,B,4,359.0,4,B
388,"Information and record clerks, all other",113.0,74.3,A,5,78.7,B,4,16.4,B,4,1.7,F,1,26.3,A,5,359.0,4,B
389,Cargo and freight agents,24.0,0.0,F,1,0.0,F,1,0.0,F,1,0.0,F,1,0.0,F,1,359.0,1,F
390,Couriers and messengers,578.0,22.6,D,2,69.9,C,3,21.1,A,5,4.4,D,2,23.1,A,5,359.0,3,C
391,Public safety telecommunicators,104.0,64.1,A,5,89.1,A,5,10.1,C,3,0.4,F,1,13.4,C,3,359.0,3,C
392,"Dispatchers, except police, fire, and ambulance",205.0,50.8,A,5,75.2,B,4,16.3,B,4,2.5,F,1,19.0,B,4,359.0,4,B
393,"Meter readers, utilities",25.0,0.0,F,1,0.0,F,1,0.0,F,1,0.0,F,1,0.0,F,1,359.0,1,F
394,Postal service clerks,91.0,62.1,A,5,49.5,F,1,38.4,A,5,9.6,C,3,10.2,C,3,359.0,3,C
395,Postal service mail carriers,312.0,36.7,C,3,72.7,C,3,18.7,B,4,6.8,C,3,13.6,C,3,359.0,3,C
396,"Postal service mail sorters, processors, and processing machine operators",66.0,46.9,B,4,49.0,F,1,31.1,A,5,18.7,A,5,6.1,D,2,359.0,3,C
397,"Production, planning, and expediting clerks",244.0,50.3,A,5,78.8,B,4,11.5,C,3,4.6,D,2,15.2,B,4,359.0,4,B
398,"Shipping, receiving, and inventory clerks",572.0,33.6,C,3,72.6,C,3,19.1,B,4,4.0,D,2,26.8,A,5,359.0,3,C
399,"Weighers, measurers, checkers, and samplers, recordkeeping",58.0,40.0,C,3,74.3,C,3,20.5,A,5,1.7,F,1,20.8,A,5,359.0,3,C
400,Executive secretaries and executive administrative assistants,196.0,92.5,A,5,83.0,A,5,12.8,C,3,3.3,D,2,9.8,D,2,359.0,3,C
401,Legal secretaries and administrative assistants,54.0,83.9,A,5,83.3,A,5,9.7,D,2,4.5,D,2,13.2,C,3,359.0,3,C
402,Medical secretaries and administrative assistants,72.0,93.3,A,5,81.2,A,5,8.2,D,2,7.6,C,3,18.5,B,4,359.0,4,B
403,"Secretaries and administrative assistants, except legal, medical, and executive",2080.0,92.9,A,5,83.8,A,5,10.3,C,3,3.2,D,2,13.8,C,3,359.0,4,B
404,Data entry keyers,228.0,74.4,A,5,72.2,C,3,17.6,B,4,5.1,D,2,15.8,B,4,359.0,4,B
405,Word processors and typists,44.0,0.0,F,1,0.0,F,1,0.0,F,1,0.0,F,1,0.0,F,1,359.0,1,F
406,Desktop publishers,0.0,0.0,F,1,0.0,F,1,0.0,F,1,0.0,F,1,0.0,F,1,359.0,1,F
407,Insurance claims and policy processing clerks,236.0,79.2,A,5,74.8,C,3,17.5,B,4,5.7,D,2,17.3,B,4,359.0,4,B
408,"Mail clerks and mail machine operators, except postal service",62.0,41.3,B,4,70.8,C,3,21.0,A,5,4.2,D,2,20.0,B,4,359.0,4,B
409,"Office clerks, general",1227.0,83.0,A,5,77.5,B,4,11.8,C,3,7.0,C,3,19.6,B,4,359.0,4,B
410,"Office machine operators, except computer",22.0,0.0,F,1,0.0,F,1,0.0,F,1,0.0,F,1,0.0,F,1,359.0,1,F
411,Proofreaders and copy markers,4.0,0.0,F,1,0.0,F,1,0.0,F,1,0.0,F,1,0.0,F,1,359.0,1,F
412,Statistical assistants,65.0,35.7,C,3,70.1,C,3,9.8,D,2,17.4,A,5,6.7,D,2,359.0,3,C
413,"Office and administrative support workers, all other",535.0,75.9,A,5,74.7,C,3,16.1,B,4,5.3,D,2,15.7,B,4,359.0,4,B
414,,,,F,1,,F,1,,F,1,,F,1,,F,1,,1,F
415,"Natural resources, construction, and maintenance occupations",13357.0,5.6,F,1,86.7,A,5,7.5,D,2,2.1,F,1,31.1,A,5,1.0,3,C
416,"Farming, fishing, and forestry occupations",1045.0,24.1,D,2,90.0,A,5,4.3,F,1,1.6,F,1,43.0,A,5,415.0,3,C
417,"First0line supervisors of farming, fishing, and forestry workers",53.0,12.8,F,1,89.5,A,5,4.7,F,1,2.8,F,1,27.6,A,5,416.0,3,C
418,Agricultural inspectors,14.0,0.0,F,1,0.0,F,1,0.0,F,1,0.0,F,1,0.0,F,1,416.0,1,F
419,Animal breeders,4.0,0.0,F,1,0.0,F,1,0.0,F,1,0.0,F,1,0.0,F,1,416.0,1,F
420,"Graders and sorters, agricultural products",36.0,0.0,F,1,0.0,F,1,0.0,F,1,0.0,F,1,0.0,F,1,416.0,1,F
421,Miscellaneous agricultural workers,834.0,24.4,D,2,90.5,A,5,4.2,F,1,1.0,F,1,47.2,A,5,416.0,3,C
422,Fishing and hunting workers,35.0,0.0,F,1,0.0,F,1,0.0,F,1,0.0,F,1,0.0,F,1,416.0,1,F
423,Forest and conservation workers,21.0,0.0,F,1,0.0,F,1,0.0,F,1,0.0,F,1,0.0,F,1,416.0,1,F
424,Logging workers,47.0,0.0,F,1,0.0,F,1,0.0,F,1,0.0,F,1,0.0,F,1,416.0,1,F
425,Construction and extraction occupations,7710.0,4.0,F,1,87.8,A,5,7.0,D,2,1.6,F,1,35.7,A,5,415.0,3,C
426,First0line supervisors of construction trades and extraction workers,737.0,3.5,F,1,89.9,A,5,5.8,D,2,1.1,F,1,25.4,A,5,425.0,3,C
427,Boilermakers,19.0,0.0,F,1,0.0,F,1,0.0,F,1,0.0,F,1,0.0,F,1,425.0,1,F
428,"Brickmasons, blockmasons, and stonemasons",113.0,0.3,F,1,86.8,A,5,8.8,D,2,1.0,F,1,44.1,A,5,425.0,3,C
429,Carpenters,1114.0,3.2,F,1,87.9,A,5,6.9,D,2,1.9,F,1,35.5,A,5,425.0,3,C
430,"Carpet, floor, and tile installers and finishers",172.0,3.9,F,1,93.7,A,5,2.5,F,1,1.1,F,1,53.2,A,5,425.0,3,C
431,"Cement masons, concrete finishers, and terrazzo workers",55.0,2.8,F,1,82.9,A,5,8.4,D,2,1.3,F,1,53.3,A,5,425.0,3,C
432,Construction laborers,1902.0,3.8,F,1,86.6,A,5,8.0,D,2,1.4,F,1,46.0,A,5,425.0,3,C
433,Construction equipment operators,359.0,3.9,F,1,85.3,A,5,9.9,D,2,0.5,F,1,17.8,B,4,425.0,3,C
434,"Drywall installers, ceiling tile installers, and tapers",165.0,5.8,F,1,89.2,A,5,1.0,F,1,2.8,F,1,73.1,A,5,425.0,3,C
435,Electricians,901.0,3.1,F,1,87.8,A,5,7.6,D,2,1.7,F,1,23.8,A,5,425.0,3,C
436,Glaziers,45.0,0.0,F,1,0.0,F,1,0.0,F,1,0.0,F,1,0.0,F,1,425.0,1,F
437,Insulation workers,53.0,2.9,F,1,86.0,A,5,9.6,D,2,2.4,F,1,54.5,A,5,425.0,3,C
438,Painters and paperhangers,524.0,8.3,F,1,90.0,A,5,5.4,D,2,0.6,F,1,51.2,A,5,425.0,3,C
439,Pipelayers,49.0,0.0,F,1,0.0,F,1,0.0,F,1,0.0,F,1,0.0,F,1,425.0,1,F
440,"Plumbers, pipefitters, and steamfitters",537.0,2.3,F,1,88.1,A,5,6.9,D,2,1.7,F,1,24.5,A,5,425.0,3,C
441,Plasterers and stucco masons,24.0,0.0,F,1,0.0,F,1,0.0,F,1,0.0,F,1,0.0,F,1,425.0,1,F
442,Reinforcing iron and rebar workers,3.0,0.0,F,1,0.0,F,1,0.0,F,1,0.0,F,1,0.0,F,1,425.0,1,F
443,Roofers,210.0,3.3,F,1,86.9,A,5,5.1,D,2,1.4,F,1,53.2,A,5,425.0,3,C
444,Sheet metal workers,123.0,5.6,F,1,87.3,A,5,4.5,F,1,3.2,D,2,13.4,C,3,425.0,2,D
445,Structural iron and steel workers,47.0,0.0,F,1,0.0,F,1,0.0,F,1,0.0,F,1,0.0,F,1,425.0,1,F
446,Solar photovoltaic installers,20.0,0.0,F,1,0.0,F,1,0.0,F,1,0.0,F,1,0.0,F,1,425.0,1,F
447,"Helpers, construction trades",47.0,0.0,F,1,0.0,F,1,0.0,F,1,0.0,F,1,0.0,F,1,425.0,1,F
448,Construction and building inspectors,116.0,11.9,F,1,88.2,A,5,3.5,F,1,4.5,D,2,12.4,C,3,425.0,2,D
449,Elevator and escalator installers and repairers,19.0,0.0,F,1,0.0,F,1,0.0,F,1,0.0,F,1,0.0,F,1,425.0,1,F
450,Fence erectors,36.0,0.0,F,1,0.0,F,1,0.0,F,1,0.0,F,1,0.0,F,1,425.0,1,F
451,Hazardous materials removal workers,31.0,0.0,F,1,0.0,F,1,0.0,F,1,0.0,F,1,0.0,F,1,425.0,1,F
452,Highway maintenance workers,102.0,7.4,F,1,85.2,A,5,10.5,C,3,0.7,F,1,11.0,C,3,425.0,3,C
453,Rail0track laying and maintenance equipment operators,5.0,0.0,F,1,0.0,F,1,0.0,F,1,0.0,F,1,0.0,F,1,425.0,1,F
454,Septic tank servicers and sewer pipe cleaners,7.0,0.0,F,1,0.0,F,1,0.0,F,1,0.0,F,1,0.0,F,1,425.0,1,F
455,Miscellaneous construction and related workers,22.0,0.0,F,1,0.0,F,1,0.0,F,1,0.0,F,1,0.0,F,1,425.0,1,F
456,"Derrick, rotary drill, and service unit operators, oil and gas",22.0,0.0,F,1,0.0,F,1,0.0,F,1,0.0,F,1,0.0,F,1,425.0,1,F
457,"Excavating and loading machine and dragline operators, surface mining",5.0,0.0,F,1,0.0,F,1,0.0,F,1,0.0,F,1,0.0,F,1,425.0,1,F
458,"Earth drillers, except oil and gas",25.0,0.0,F,1,0.0,F,1,0.0,F,1,0.0,F,1,0.0,F,1,425.0,1,F
459,"Explosives workers, ordnance handling experts, and blasters",6.0,0.0,F,1,0.0,F,1,0.0,F,1,0.0,F,1,0.0,F,1,425.0,1,F
460,Underground mining machine operators,39.0,0.0,F,1,0.0,F,1,0.0,F,1,0.0,F,1,0.0,F,1,425.0,1,F
461,"Roustabouts, oil and gas",6.0,0.0,F,1,0.0,F,1,0.0,F,1,0.0,F,1,0.0,F,1,425.0,1,F
462,Other extraction workers,50.0,1.9,F,1,91.8,A,5,2.3,F,1,0.4,F,1,26.1,A,5,415.0,3,C
463,"Installation, maintenance, and repair occupations",4602.0,4.1,F,1,84.0,A,5,9.1,D,2,3.1,D,2,20.8,A,5,463.0,3,C
464,"First0line supervisors of mechanics, installers, and repairers",226.0,9.3,F,1,85.7,A,5,7.2,D,2,2.5,F,1,12.4,C,3,463.0,2,D
465,"Computer, automated teller, and office machine repairers",190.0,10.5,F,1,80.5,A,5,5.5,D,2,9.1,C,3,19.9,B,4,463.0,3,C
466,Radio and telecommunications equipment installers and repairers,140.0,8.3,F,1,71.5,C,3,16.8,B,4,6.3,C,3,16.8,B,4,463.0,3,C
467,Avionics technicians,9.0,0.0,F,1,0.0,F,1,0.0,F,1,0.0,F,1,0.0,F,1,463.0,1,F
468,"Electric motor, power tool, and related repairers",19.0,0.0,F,1,0.0,F,1,0.0,F,1,0.0,F,1,0.0,F,1,463.0,1,F
469,"Electrical and electronics installers and repairers, transportation equipment",3.0,0.0,F,1,0.0,F,1,0.0,F,1,0.0,F,1,0.0,F,1,463.0,1,F
470,"Electrical and electronics repairers, industrial and utility",9.0,0.0,F,1,0.0,F,1,0.0,F,1,0.0,F,1,0.0,F,1,463.0,1,F
471,"Electronic equipment installers and repairers, motor vehicles",5.0,0.0,F,1,0.0,F,1,0.0,F,1,0.0,F,1,0.0,F,1,463.0,1,F
472,Audiovisual equipment installers and repairers,29.0,0.0,F,1,0.0,F,1,0.0,F,1,0.0,F,1,0.0,F,1,463.0,1,F
473,Security and fire alarm systems installers,63.0,0.0,F,1,77.4,B,4,9.6,D,2,3.2,D,2,34.4,A,5,463.0,3,C
474,Aircraft mechanics and service technicians,153.0,5.4,F,1,84.3,A,5,10.8,C,3,3.2,D,2,23.0,A,5,463.0,3,C
475,Automotive body and related repairers,121.0,1.0,F,1,87.4,A,5,7.3,D,2,2.2,F,1,27.9,A,5,463.0,3,C
476,Automotive glass installers and repairers,15.0,0.0,F,1,0.0,F,1,0.0,F,1,0.0,F,1,0.0,F,1,463.0,1,F
477,Automotive service technicians and mechanics,750.0,1.4,F,1,82.8,A,5,9.1,D,2,3.5,D,2,28.3,A,5,463.0,3,C
478,Bus and truck mechanics and diesel engine specialists,357.0,1.8,F,1,85.1,A,5,7.4,D,2,3.1,D,2,18.1,B,4,463.0,3,C
479,Heavy vehicle and mobile equipment service technicians and mechanics,191.0,0.8,F,1,93.7,A,5,3.7,F,1,0.8,F,1,19.1,B,4,463.0,2,D
480,Small engine mechanics,48.0,0.0,F,1,0.0,F,1,0.0,F,1,0.0,F,1,0.0,F,1,463.0,1,F
481,"Miscellaneous vehicle and mobile equipment mechanics, installers, and repairers",84.0,1.2,F,1,89.8,A,5,7.1,D,2,2.1,F,1,27.7,A,5,463.0,3,C
482,Control and valve installers and repairers,28.0,0.0,F,1,0.0,F,1,0.0,F,1,0.0,F,1,0.0,F,1,463.0,1,F
483,"Heating, air conditioning, and refrigeration mechanics and installers",450.0,1.5,F,1,81.5,A,5,12.1,C,3,3.1,D,2,21.7,A,5,463.0,3,C
484,Home appliance repairers,38.0,0.0,F,1,0.0,F,1,0.0,F,1,0.0,F,1,0.0,F,1,463.0,1,F
485,Industrial and refractory machinery mechanics,399.0,5.2,F,1,86.1,A,5,9.5,D,2,2.5,F,1,14.5,C,3,463.0,2,D
486,"Maintenance and repair workers, general",584.0,4.3,F,1,83.9,A,5,10.7,C,3,1.8,F,1,20.6,A,5,463.0,3,C
487,"Maintenance workers, machinery",24.0,0.0,F,1,0.0,F,1,0.0,F,1,0.0,F,1,0.0,F,1,463.0,1,F
488,Millwrights,57.0,4.2,F,1,95.6,A,5,1.3,F,1,1.1,F,1,5.8,D,2,463.0,2,D
489,Electrical power0line installers and repairers,127.0,1.3,F,1,89.4,A,5,5.5,D,2,0.8,F,1,10.6,C,3,463.0,2,D
490,Telecommunications line installers and repairers,131.0,6.3,F,1,83.4,A,5,12.0,C,3,0.9,F,1,22.4,A,5,463.0,3,C
491,Precision instrument and equipment repairers,73.0,16.2,F,1,72.9,C,3,12.8,C,3,9.8,C,3,5.9,D,2,463.0,2,D
492,Wind turbine service technicians,5.0,0.0,F,1,0.0,F,1,0.0,F,1,0.0,F,1,0.0,F,1,463.0,1,F
493,"Coin, vending, and amusement machine servicers and repairers",29.0,0.0,F,1,0.0,F,1,0.0,F,1,0.0,F,1,0.0,F,1,463.0,1,F
494,Commercial divers,6.0,0.0,F,1,0.0,F,1,0.0,F,1,0.0,F,1,0.0,F,1,463.0,1,F
495,Locksmiths and safe repairers,28.0,0.0,F,1,0.0,F,1,0.0,F,1,0.0,F,1,0.0,F,1,463.0,1,F
496,Manufactured building and mobile home installers,5.0,0.0,F,1,0.0,F,1,0.0,F,1,0.0,F,1,0.0,F,1,463.0,1,F
497,Riggers,7.0,0.0,F,1,0.0,F,1,0.0,F,1,0.0,F,1,0.0,F,1,463.0,1,F
498,"Helpers00installation, maintenance, and repair workers",16.0,0.0,F,1,0.0,F,1,0.0,F,1,0.0,F,1,0.0,F,1,463.0,1,F
499,"Other installation, maintenance, and repair workers",183.0,5.5,F,1,84.2,A,5,8.5,D,2,3.0,F,1,30.4,A,5,463.0,3,C
500,,,,F,1,,F,1,,F,1,,F,1,,F,1,,1,F
501,"Production, transportation, and material moving occupations",18215.0,23.7,D,2,74.6,C,3,16.7,B,4,4.8,D,2,23.8,A,5,1.0,3,C
502,Production occupations,7590.0,28.3,D,2,77.8,B,4,13.1,C,3,5.6,D,2,23.6,A,5,501.0,3,C
503,First0line supervisors of production and operating workers,748.0,19.0,F,1,79.5,B,4,13.7,C,3,4.2,D,2,17.7,B,4,502.0,3,C
504,"Aircraft structure, surfaces, rigging, and systems assemblers",4.0,0.0,F,1,0.0,F,1,0.0,F,1,0.0,F,1,0.0,F,1,502.0,1,F
505,"Electrical, electronics, and electromechanical assemblers",91.0,42.2,B,4,59.5,D,2,12.4,C,3,18.0,A,5,17.2,B,4,502.0,4,B
506,Engine and other machine assemblers,7.0,0.0,F,1,0.0,F,1,0.0,F,1,0.0,F,1,0.0,F,1,502.0,1,F
507,Structural metal fabricators and fitters,21.0,0.0,F,1,0.0,F,1,0.0,F,1,0.0,F,1,0.0,F,1,502.0,1,F
508,Other assemblers and fabricators,872.0,32.7,C,3,69.0,C,3,18.7,B,4,8.1,C,3,20.7,A,5,502.0,4,B
509,Bakers,235.0,64.1,A,5,77.0,B,4,11.8,C,3,6.7,C,3,26.9,A,5,502.0,4,B
510,"Butchers and other meat, poultry, and fish processing workers",266.0,25.7,D,2,75.1,B,4,16.2,B,4,5.5,D,2,40.1,A,5,502.0,3,C
511,"Food and tobacco roasting, baking, and drying machine operators and tenders",10.0,0.0,F,1,0.0,F,1,0.0,F,1,0.0,F,1,0.0,F,1,502.0,1,F
512,Food batchmakers,94.0,56.8,A,5,86.9,A,5,7.2,D,2,2.8,F,1,27.6,A,5,502.0,4,B
513,Food cooking machine operators and tenders,13.0,0.0,F,1,0.0,F,1,0.0,F,1,0.0,F,1,0.0,F,1,502.0,1,F
514,"Food processing workers, all other",125.0,36.9,C,3,71.4,C,3,17.9,B,4,7.1,C,3,36.0,A,5,502.0,4,B
515,Computer numerically controlled tool operators and programmers,105.0,9.0,F,1,88.9,A,5,7.3,D,2,3.3,D,2,14.5,C,3,502.0,3,C
516,"Forming machine setters, operators, and tenders, metal and plastic",28.0,0.0,F,1,0.0,F,1,0.0,F,1,0.0,F,1,0.0,F,1,502.0,1,F
517,"Cutting, punching, and press machine setters, operators, and tenders, metal and plastic",72.0,15.0,F,1,78.0,B,4,18.7,B,4,2.7,F,1,22.8,A,5,502.0,3,C
518,"Grinding, lapping, polishing, and buffing machine tool setters, operators, and tenders, metal and plastic",41.0,0.0,F,1,0.0,F,1,0.0,F,1,0.0,F,1,0.0,F,1,502.0,1,F
519,"Other machine tool setters, operators, and tenders, metal and plastic",7.0,0.0,F,1,0.0,F,1,0.0,F,1,0.0,F,1,0.0,F,1,502.0,1,F
520,Machinists,290.0,5.8,F,1,91.7,A,5,4.1,F,1,3.1,D,2,13.2,C,3,502.0,2,D
521,"Metal furnace operators, tenders, pourers, and casters",21.0,0.0,F,1,0.0,F,1,0.0,F,1,0.0,F,1,0.0,F,1,502.0,1,F
522,"Model makers and patternmakers, metal and plastic",8.0,0.0,F,1,0.0,F,1,0.0,F,1,0.0,F,1,0.0,F,1,502.0,1,F
523,"Molders and molding machine setters, operators, and tenders, metal and plastic",35.0,0.0,F,1,0.0,F,1,0.0,F,1,0.0,F,1,0.0,F,1,502.0,1,F
524,Tool and die makers,37.0,0.0,F,1,0.0,F,1,0.0,F,1,0.0,F,1,0.0,F,1,502.0,1,F
525,"Welding, soldering, and brazing workers",520.0,3.8,F,1,86.9,A,5,7.4,D,2,2.7,F,1,23.1,A,5,502.0,3,C
526,Other metal workers and plastic workers,341.0,22.2,D,2,75.2,B,4,16.7,B,4,4.6,D,2,26.0,A,5,502.0,3,C
527,Prepress technicians and workers,13.0,0.0,F,1,0.0,F,1,0.0,F,1,0.0,F,1,0.0,F,1,502.0,1,F
528,Printing press operators,128.0,19.7,F,1,83.7,A,5,7.3,D,2,5.8,D,2,18.4,B,4,502.0,3,C
529,Print binding and finishing workers,17.0,0.0,F,1,0.0,F,1,0.0,F,1,0.0,F,1,0.0,F,1,502.0,1,F
530,Laundry and dry0cleaning workers,120.0,71.5,A,5,58.0,D,2,25.6,A,5,10.0,C,3,26.7,A,5,502.0,4,B
531,"Pressers, textile, garment, and related materials",25.0,0.0,F,1,0.0,F,1,0.0,F,1,0.0,F,1,0.0,F,1,502.0,1,F
532,Sewing machine operators,131.0,66.7,A,5,73.5,C,3,12.6,C,3,10.8,B,4,36.9,A,5,502.0,4,B
533,Shoe and leather workers,12.0,0.0,F,1,0.0,F,1,0.0,F,1,0.0,F,1,0.0,F,1,502.0,1,F
534,"Tailors, dressmakers, and sewers",64.0,84.2,A,5,66.7,C,3,3.9,F,1,28.5,A,5,22.3,A,5,502.0,4,B
535,"Textile machine setters, operators, and tenders",16.0,0.0,F,1,0.0,F,1,0.0,F,1,0.0,F,1,0.0,F,1,502.0,1,F
536,Upholsterers,24.0,0.0,F,1,0.0,F,1,0.0,F,1,0.0,F,1,0.0,F,1,502.0,1,F
537,"Other textile, apparel, and furnishings workers",13.0,0.0,F,1,0.0,F,1,0.0,F,1,0.0,F,1,0.0,F,1,502.0,1,F
538,Cabinetmakers and bench carpenters,50.0,7.8,F,1,91.5,A,5,6.4,D,2,1.3,F,1,27.2,A,5,502.0,3,C
539,Furniture finishers,13.0,0.0,F,1,0.0,F,1,0.0,F,1,0.0,F,1,0.0,F,1,502.0,1,F
540,"Sawing machine setters, operators, and tenders, wood",28.0,0.0,F,1,0.0,F,1,0.0,F,1,0.0,F,1,0.0,F,1,502.0,1,F
541,"Woodworking machine setters, operators, and tenders, except sawing",13.0,0.0,F,1,0.0,F,1,0.0,F,1,0.0,F,1,0.0,F,1,502.0,1,F
542,Other woodworkers,23.0,0.0,F,1,0.0,F,1,0.0,F,1,0.0,F,1,0.0,F,1,502.0,1,F
543,"Power plant operators, distributors, and dispatchers",41.0,0.0,F,1,0.0,F,1,0.0,F,1,0.0,F,1,0.0,F,1,502.0,1,F
544,Stationary engineers and boiler operators,56.0,10.6,F,1,77.5,B,4,14.4,C,3,4.9,D,2,10.7,C,3,502.0,3,C
545,Water and wastewater treatment plant and system operators,112.0,11.0,F,1,88.9,A,5,8.4,D,2,0.9,F,1,8.6,D,2,502.0,2,D
546,Miscellaneous plant and system operators,43.0,0.0,F,1,0.0,F,1,0.0,F,1,0.0,F,1,0.0,F,1,502.0,1,F
547,"Chemical processing machine setters, operators, and tenders",49.0,0.0,F,1,0.0,F,1,0.0,F,1,0.0,F,1,0.0,F,1,502.0,1,F
548,"Crushing, grinding, polishing, mixing, and blending workers",79.0,19.9,F,1,81.6,A,5,16.3,B,4,1.1,F,1,19.2,B,4,502.0,3,C
549,Cutting workers,54.0,27.1,D,2,86.9,A,5,9.4,D,2,2.3,F,1,26.2,A,5,502.0,3,C
550,"Extruding, forming, pressing, and compacting machine setters, operators, and tenders",23.0,0.0,F,1,0.0,F,1,0.0,F,1,0.0,F,1,0.0,F,1,502.0,1,F
551,"Furnace, kiln, oven, drier, and kettle operators and tenders",12.0,0.0,F,1,0.0,F,1,0.0,F,1,0.0,F,1,0.0,F,1,502.0,1,F
552,"Inspectors, testers, sorters, samplers, and weighers",751.0,38.7,C,3,77.2,B,4,11.4,C,3,7.6,C,3,20.6,A,5,502.0,4,B
553,Jewelers and precious stone and metal workers,48.0,0.0,F,1,0.0,F,1,0.0,F,1,0.0,F,1,0.0,F,1,502.0,1,F
554,Dental and ophthalmic laboratory technicians and medical appliance technicians,74.0,59.9,A,5,91.0,A,5,4.4,F,1,4.6,D,2,17.0,B,4,502.0,3,C
555,Packaging and filling machine operators and tenders,252.0,45.8,B,4,69.9,C,3,20.8,A,5,4.1,D,2,41.2,A,5,502.0,4,B
556,Painting workers,148.0,8.1,F,1,87.0,A,5,7.8,D,2,1.5,F,1,32.2,A,5,502.0,3,C
557,Photographic process workers and processing machine operators,10.0,0.0,F,1,0.0,F,1,0.0,F,1,0.0,F,1,0.0,F,1,502.0,1,F
558,Adhesive bonding machine operators and tenders,11.0,0.0,F,1,0.0,F,1,0.0,F,1,0.0,F,1,0.0,F,1,502.0,1,F
559,Etchers and engravers,5.0,0.0,F,1,0.0,F,1,0.0,F,1,0.0,F,1,0.0,F,1,502.0,1,F
560,"Molders, shapers, and casters, except metal and plastic",26.0,0.0,F,1,0.0,F,1,0.0,F,1,0.0,F,1,0.0,F,1,502.0,1,F
561,"Paper goods machine setters, operators, and tenders",22.0,0.0,F,1,0.0,F,1,0.0,F,1,0.0,F,1,0.0,F,1,502.0,1,F
562,Tire builders,2.0,0.0,F,1,0.0,F,1,0.0,F,1,0.0,F,1,0.0,F,1,502.0,1,F
563,Helpers00production workers,38.0,0.0,F,1,0.0,F,1,0.0,F,1,0.0,F,1,0.0,F,1,502.0,1,F
564,Other production equipment operators and tenders,8.0,0.0,F,1,0.0,F,1,0.0,F,1,0.0,F,1,0.0,F,1,502.0,1,F
565,Other production workers,1046.0,27.6,D,2,74.0,C,3,15.3,B,4,6.2,C,3,27.2,A,5,502.0,3,C
566,Transportation and material moving occupations,10625.0,20.5,D,2,72.3,C,3,19.4,B,4,4.2,D,2,23.9,A,5,501.0,3,C
567,Supervisors of transportation and material moving workers,265.0,23.5,D,2,73.8,C,3,14.8,C,3,5.7,D,2,23.2,A,5,566.0,3,C
568,Aircraft pilots and flight engineers,155.0,5.6,F,1,94.0,A,5,3.4,F,1,2.2,F,1,5.0,F,1,566.0,2,D
569,Air traffic controllers and airfield operations specialists,38.0,0.0,F,1,0.0,F,1,0.0,F,1,0.0,F,1,0.0,F,1,566.0,1,F
570,Flight attendants,81.0,79.7,A,5,65.0,D,2,19.3,B,4,10.6,B,4,10.3,C,3,566.0,4,B
571,"Ambulance drivers and attendants, except emergency medical technicians",10.0,0.0,F,1,0.0,F,1,0.0,F,1,0.0,F,1,0.0,F,1,566.0,1,F
572,"Bus drivers, school",201.0,58.5,A,5,73.0,C,3,21.5,A,5,1.9,F,1,7.9,D,2,566.0,3,C
573,"Bus drivers, transit and intercity",187.0,40.7,B,4,56.1,D,2,37.0,A,5,3.6,D,2,17.7,B,4,566.0,3,C
574,Driver/sales workers and truck drivers,3364.0,7.8,F,1,76.9,B,4,16.8,B,4,2.9,F,1,22.6,A,5,566.0,3,C
575,Shuttle drivers and chauffeurs,88.0,16.3,F,1,61.6,D,2,24.5,A,5,12.6,B,4,24.9,A,5,566.0,3,C
576,Taxi drivers,327.0,15.1,F,1,57.9,D,2,27.7,A,5,11.9,B,4,25.3,A,5,566.0,3,C
577,"Motor vehicle operators, all other",143.0,22.6,D,2,71.8,C,3,17.8,B,4,9.6,C,3,17.0,B,4,566.0,3,C
578,Locomotive engineers and operators,55.0,7.7,F,1,73.5,C,3,18.6,B,4,3.0,F,1,22.6,A,5,566.0,3,C
579,Railroad conductors and yardmasters,40.0,0.0,F,1,0.0,F,1,0.0,F,1,0.0,F,1,0.0,F,1,566.0,1,F
580,Other rail transportation workers,12.0,0.0,F,1,0.0,F,1,0.0,F,1,0.0,F,1,0.0,F,1,566.0,1,F
581,Sailors and marine oilers,19.0,0.0,F,1,0.0,F,1,0.0,F,1,0.0,F,1,0.0,F,1,566.0,1,F
582,Ship and boat captains and operators,31.0,0.0,F,1,0.0,F,1,0.0,F,1,0.0,F,1,0.0,F,1,566.0,1,F
583,Ship engineers,3.0,0.0,F,1,0.0,F,1,0.0,F,1,0.0,F,1,0.0,F,1,566.0,1,F
584,Parking attendants,53.0,19.3,F,1,59.7,D,2,34.0,A,5,3.7,D,2,30.2,A,5,566.0,3,C
585,Transportation service attendants,93.0,13.8,F,1,67.8,C,3,16.6,B,4,12.6,B,4,10.2,C,3,566.0,3,C
586,Transportation inspectors,35.0,0.0,F,1,0.0,F,1,0.0,F,1,0.0,F,1,0.0,F,1,566.0,1,F
587,Passenger attendants,21.0,0.0,F,1,0.0,F,1,0.0,F,1,0.0,F,1,0.0,F,1,566.0,1,F
588,Other transportation workers,25.0,0.0,F,1,0.0,F,1,0.0,F,1,0.0,F,1,0.0,F,1,566.0,1,F
589,Crane and tower operators,54.0,0.8,F,1,93.5,A,5,5.9,D,2,0.1,F,1,10.1,C,3,566.0,2,D
590,"Conveyor, dredge, and hoist and winch operators",30.0,0.0,F,1,0.0,F,1,0.0,F,1,0.0,F,1,0.0,F,1,566.0,1,F
591,Industrial truck and tractor operators,553.0,7.0,F,1,66.5,C,3,25.5,A,5,2.5,F,1,31.2,A,5,566.0,3,C
592,Cleaners of vehicles and equipment,344.0,19.2,F,1,73.9,C,3,19.2,B,4,3.7,D,2,34.6,A,5,566.0,3,C
593,"Laborers and freight, stock, and material movers, hand",1995.0,20.5,D,2,72.2,C,3,18.6,B,4,4.0,D,2,28.0,A,5,566.0,3,C
594,Machine feeders and offbearers,11.0,0.0,F,1,0.0,F,1,0.0,F,1,0.0,F,1,0.0,F,1,566.0,1,F
595,"Packers and packagers, hand",640.0,51.4,A,5,63.0,D,2,25.9,A,5,8.0,C,3,32.5,A,5,566.0,4,B
596,Stockers and order fillers,1570.0,35.0,C,3,70.4,C,3,19.9,B,4,3.9,D,2,22.3,A,5,566.0,3,C
597,Pumping station operators,20.0,0.0,F,1,0.0,F,1,0.0,F,1,0.0,F,1,0.0,F,1,566.0,1,F
598,Refuse and recyclable material collectors,98.0,9.7,F,1,68.9,C,3,27.9,A,5,1.3,F,1,31.4,A,5,566.0,3,C
599,Other material moving workers,62.0,18.2,F,1,79.0,B,4,18.6,B,4,0.0,F,1,14.3,C,3,566.0,3,C
